{
	"Version": 3,
	"Parameters": [
		{
			"Id": "ParamAngleX",
			"GroupId": "ParamGroup",
			"Name": "角度 X"
		},
		{
			"Id": "ParamAngleY",
			"GroupId": "ParamGroup",
			"Name": "角度 Y"
		},
		{
			"Id": "ParamAngleZ",
			"GroupId": "ParamGroup",
			"Name": "角度 Z"
		},
		{
			"Id": "ParamEyeLOpen",
			"GroupId": "ParamGroup2",
			"Name": "左眼　开闭"
		},
		{
			"Id": "ParamEyeROpen",
			"GroupId": "ParamGroup2",
			"Name": "右眼"
		},
		{
			"Id": "ParamEyeBallX",
			"GroupId": "ParamGroup3",
			"Name": "眼珠 X"
		},
		{
			"Id": "ParamEyeBallY",
			"GroupId": "ParamGroup3",
			"Name": "眼珠 Y"
		},
		{
			"Id": "ParamMouthForm",
			"GroupId": "ParamGroup6",
			"Name": "嘴　变形"
		},
		{
			"Id": "ParamMouthOpenY",
			"GroupId": "ParamGroup6",
			"Name": "嘴　张开和闭合"
		},
		{
			"Id": "ParamBodyAngleX",
			"GroupId": "ParamGroup4",
			"Name": "身体旋转　X"
		},
		{
			"Id": "ParamBodyAngleY",
			"GroupId": "ParamGroup4",
			"Name": "身体旋转　Y"
		},
		{
			"Id": "ParamBodyAngleZ",
			"GroupId": "ParamGroup4",
			"Name": "身体旋转　Z"
		},
		{
			"Id": "Param",
			"GroupId": "ParamGroup8",
			"Name": "金色"
		},
		{
			"Id": "Param8",
			"GroupId": "ParamGroup9",
			"Name": "无聊"
		},
		{
			"Id": "Param9",
			"GroupId": "ParamGroup9",
			"Name": "血丝"
		},
		{
			"Id": "Param83",
			"GroupId": "ParamGroup10",
			"Name": "无聊I"
		},
		{
			"Id": "Param79",
			"GroupId": "ParamGroup10",
			"Name": "龇牙"
		},
		{
			"Id": "Param80",
			"GroupId": "ParamGroup10",
			"Name": "龇牙-黄金"
		},
		{
			"Id": "Param81",
			"GroupId": "ParamGroup10",
			"Name": "龇牙-彩虹"
		},
		{
			"Id": "Param82",
			"GroupId": "ParamGroup10",
			"Name": "龇牙-钻石"
		},
		{
			"Id": "Param23",
			"GroupId": "ParamGroup12",
			"Name": "兽皮"
		},
		{
			"Id": "Param139",
			"GroupId": "ParamGroup13",
			"Name": "耳朵變上層"
		},
		{
			"Id": "Param142",
			"GroupId": "ParamGroup13",
			"Name": "耳朵隱藏"
		},
		{
			"Id": "Param69",
			"GroupId": "ParamGroup13",
			"Name": "海员帽"
		},
		{
			"Id": "Param35",
			"GroupId": "ParamGroup17",
			"Name": "鹰帽1"
		},
		{
			"Id": "Param40",
			"GroupId": "ParamGroup17",
			"Name": "右树叶1"
		},
		{
			"Id": "Param41",
			"GroupId": "ParamGroup17",
			"Name": "左树叶1"
		},
		{
			"Id": "Param51",
			"GroupId": "ParamGroup17",
			"Name": "旋转帽扇R"
		},
		{
			"Id": "Param55",
			"GroupId": "ParamGroup17",
			"Name": "女生短发馬尾1"
		},
		{
			"Id": "Param60",
			"GroupId": "ParamGroup17",
			"Name": "短狼尾帽1"
		},
		{
			"Id": "Param124",
			"GroupId": "ParamGroup17",
			"Name": "兔耳朵1"
		},
		{
			"Id": "Param125",
			"GroupId": "ParamGroup17",
			"Name": "土耳其帽繩子1"
		},
		{
			"Id": "Param126",
			"GroupId": "ParamGroup17",
			"Name": "粉色左长发1"
		},
		{
			"Id": "Param127",
			"GroupId": "ParamGroup17",
			"Name": "粉色右长发1"
		},
		{
			"Id": "Param141",
			"GroupId": "ParamGroup17",
			"Name": "粉色右右长发1"
		},
		{
			"Id": "Param33",
			"GroupId": "ParamGroup18",
			"Name": "雪茄"
		},
		{
			"Id": "Param89",
			"GroupId": "ParamGroup20",
			"Name": "机械眼I"
		},
		{
			"Id": "Param90",
			"GroupId": "ParamGroup20",
			"Name": "激光眼"
		},
		{
			"Id": "Param44",
			"GroupId": "ParamGroup22",
			"Name": "十字耳坠"
		},
		{
			"Id": "Param42",
			"GroupId": "ParamGroup23",
			"Name": "十字耳坠1"
		},
		{
			"Id": "Param43",
			"GroupId": "ParamGroup23",
			"Name": "耳环1"
		},
		{
			"Id": "ParamBreath",
			"GroupId": "",
			"Name": "呼吸"
		}
	],
	"ParameterGroups": [
		{
			"Id": "ParamGroup",
			"GroupId": "",
			"Name": "頭XYZ"
		},
		{
			"Id": "ParamGroup2",
			"GroupId": "",
			"Name": "眼睛"
		},
		{
			"Id": "ParamGroup3",
			"GroupId": "",
			"Name": "眼珠"
		},
		{
			"Id": "ParamGroup6",
			"GroupId": "",
			"Name": "口"
		},
		{
			"Id": "ParamGroup4",
			"GroupId": "",
			"Name": "身體XYZ"
		},
		{
			"Id": "ParamGroup8",
			"GroupId": "",
			"Name": "切換皮膚"
		},
		{
			"Id": "ParamGroup9",
			"GroupId": "",
			"Name": "眼睛"
		},
		{
			"Id": "ParamGroup10",
			"GroupId": "",
			"Name": "嘴部"
		},
		{
			"Id": "ParamGroup12",
			"GroupId": "",
			"Name": "衣服"
		},
		{
			"Id": "ParamGroup13",
			"GroupId": "",
			"Name": "帽子"
		},
		{
			"Id": "ParamGroup17",
			"GroupId": "",
			"Name": "帽子物理"
		},
		{
			"Id": "ParamGroup18",
			"GroupId": "",
			"Name": "嘴部配件"
		},
		{
			"Id": "ParamGroup20",
			"GroupId": "",
			"Name": "眼睛配件"
		},
		{
			"Id": "ParamGroup22",
			"GroupId": "",
			"Name": "耳环"
		},
		{
			"Id": "ParamGroup23",
			"GroupId": "",
			"Name": "耳环物理"
		}
	],
	"Parts": [
		{
			"Id": "Part19",
			"Name": "蓝色激光"
		},
		{
			"Id": "Part22",
			"Name": "激光眼"
		},
		{
			"Id": "Part32",
			"Name": "2. 耳环"
		},
		{
			"Id": "Part9",
			"Name": "6. 帽子"
		},
		{
			"Id": "Part35",
			"Name": "星星"
		},
		{
			"Id": "Part133",
			"Name": "8. 嘴部表情"
		},
		{
			"Id": "Part",
			"Name": "8. 嘴部表情"
		},
		{
			"Id": "Part18",
			"Name": "3. 眼镜饰品"
		},
		{
			"Id": "Part23",
			"Name": "4. 眼睛表情"
		},
		{
			"Id": "Part27",
			"Name": "1. 衣服"
		},
		{
			"Id": "Part33",
			"Name": "5. 皮肤"
		},
		{
			"Id": "Part66",
			"Name": "特技头盔"
		},
		{
			"Id": "Part67",
			"Name": "警察头盔"
		},
		{
			"Id": "Part143",
			"Name": "服务员帽"
		},
		{
			"Id": "Part13",
			"Name": "牛仔帽"
		},
		{
			"Id": "Part10",
			"Name": "寿司头巾"
		},
		{
			"Id": "Part11",
			"Name": "树叶"
		},
		{
			"Id": "Part140",
			"Name": "雷锋帽"
		},
		{
			"Id": "Part122",
			"Name": "BAYC鸭舌帽-黑2"
		},
		{
			"Id": "Part145",
			"Name": "爱尔兰帽"
		},
		{
			"Id": "Part146",
			"Name": "鸭舌帽"
		},
		{
			"Id": "Part110",
			"Name": "游猎帽"
		},
		{
			"Id": "Part12",
			"Name": "旋转帽"
		},
		{
			"Id": "Part139",
			"Name": "海军帽"
		},
		{
			"Id": "Part138",
			"Name": "SM 帽子"
		},
		{
			"Id": "Part144",
			"Name": "船长帽"
		},
		{
			"Id": "Part136",
			"Name": "BAYC鸭舌帽-红"
		},
		{
			"Id": "Part14",
			"Name": "女生短发"
		},
		{
			"Id": "Part141",
			"Name": "渔夫帽"
		},
		{
			"Id": "Part142",
			"Name": "海员帽"
		},
		{
			"Id": "Part121",
			"Name": "BAYC鸭舌帽-黑1"
		},
		{
			"Id": "Part147",
			"Name": "皇冠"
		},
		{
			"Id": "Part15",
			"Name": "兔耳朵"
		},
		{
			"Id": "Part137",
			"Name": "普鲁士头盔"
		},
		{
			"Id": "Part16",
			"Name": "土耳其帽"
		},
		{
			"Id": "Part24",
			"Name": "蓝色围巾"
		},
		{
			"Id": "Part17",
			"Name": "粉色长发"
		},
		{
			"Id": "Part2",
			"Name": "7. 嘴部配件"
		},
		{
			"Id": "Part8",
			"Name": "无聊_口"
		},
		{
			"Id": "Part111",
			"Name": "发音 Wah"
		},
		{
			"Id": "Part114",
			"Name": "龇牙"
		},
		{
			"Id": "Part117",
			"Name": "发音 L"
		},
		{
			"Id": "Part134",
			"Name": "快乐"
		},
		{
			"Id": "Part148",
			"Name": "发音 ooo"
		},
		{
			"Id": "Part123",
			"Name": "发音 Oh"
		},
		{
			"Id": "Part125",
			"Name": "不适"
		},
		{
			"Id": "Part127",
			"Name": "惊呆"
		},
		{
			"Id": "Part129",
			"Name": "发怒"
		},
		{
			"Id": "Part131",
			"Name": "不适2"
		},
		{
			"Id": "Part20",
			"Name": "机械眼"
		},
		{
			"Id": "Part21",
			"Name": "硬币眼"
		},
		{
			"Id": "Part105",
			"Name": "難過"
		},
		{
			"Id": "Part102",
			"Name": "生氣"
		},
		{
			"Id": "Part60",
			"Name": "无聊+血絲"
		},
		{
			"Id": "Part25",
			"Name": "疯狂眼珠"
		},
		{
			"Id": "Part107",
			"Name": "僵尸"
		},
		{
			"Id": "Part57",
			"Name": "睁开眼睛+催眠"
		},
		{
			"Id": "Part63",
			"Name": "困"
		},
		{
			"Id": "Part28",
			"Name": "兽皮"
		},
		{
			"Id": "Part29",
			"Name": "吊带"
		},
		{
			"Id": "Part30",
			"Name": "骨头"
		},
		{
			"Id": "Part31",
			"Name": "有领外套"
		},
		{
			"Id": "Part34",
			"Name": "金色"
		},
		{
			"Id": "Part38",
			"Name": "机械"
		},
		{
			"Id": "Part41",
			"Name": "僵尸"
		},
		{
			"Id": "Part53",
			"Name": "黑色纯色"
		},
		{
			"Id": "Part62",
			"Name": "眼睛"
		},
		{
			"Id": "Part71",
			"Name": "荧光色"
		},
		{
			"Id": "Part3",
			"Name": "派对号角"
		},
		{
			"Id": "Part4",
			"Name": "雪茄"
		},
		{
			"Id": "Part5",
			"Name": "卡祖笛"
		},
		{
			"Id": "Part6",
			"Name": "香烟"
		},
		{
			"Id": "Part7",
			"Name": "烟斗"
		},
		{
			"Id": "Part112",
			"Name": "嘴線"
		},
		{
			"Id": "Part113",
			"Name": "嘴"
		},
		{
			"Id": "Part115",
			"Name": "嘴線"
		},
		{
			"Id": "Part116",
			"Name": "口龇牙"
		},
		{
			"Id": "Part118",
			"Name": "嘴发音 L"
		},
		{
			"Id": "Part135",
			"Name": "口快乐"
		},
		{
			"Id": "Part149",
			"Name": "发音 ooo嘴"
		},
		{
			"Id": "Part124",
			"Name": "口发音 Oh"
		},
		{
			"Id": "Part126",
			"Name": "口"
		},
		{
			"Id": "Part128",
			"Name": "惊呆口"
		},
		{
			"Id": "Part130",
			"Name": "口发怒"
		},
		{
			"Id": "Part132",
			"Name": "不适2口"
		},
		{
			"Id": "Part26",
			"Name": "右難過"
		},
		{
			"Id": "Part106",
			"Name": "左難過"
		},
		{
			"Id": "Part103",
			"Name": "右生氣"
		},
		{
			"Id": "Part104",
			"Name": "左生氣"
		},
		{
			"Id": "Part61",
			"Name": "无聊"
		},
		{
			"Id": "Part109",
			"Name": "僵尸右"
		},
		{
			"Id": "Part108",
			"Name": "僵尸左"
		},
		{
			"Id": "Part58",
			"Name": "睁开眼睛左"
		},
		{
			"Id": "Part59",
			"Name": "睁开眼睛右"
		},
		{
			"Id": "Part64",
			"Name": "困眼右"
		},
		{
			"Id": "Part65",
			"Name": "困眼左"
		},
		{
			"Id": "Part36",
			"Name": "金色毛"
		},
		{
			"Id": "Part37",
			"Name": "金色耳朵"
		},
		{
			"Id": "Part39",
			"Name": "机械紅色閃光"
		},
		{
			"Id": "Part40",
			"Name": "机械耳朵"
		},
		{
			"Id": "Part42",
			"Name": "僵尸毛"
		},
		{
			"Id": "Part43",
			"Name": "僵尸蟲子"
		},
		{
			"Id": "Part50",
			"Name": "僵尸耳朵"
		},
		{
			"Id": "Part54",
			"Name": "黑色纯色毛"
		},
		{
			"Id": "Part55",
			"Name": "黑色純色耳朵"
		},
		{
			"Id": "Part56",
			"Name": "眼睛眼睛"
		},
		{
			"Id": "Part73",
			"Name": "眼睛毛"
		},
		{
			"Id": "Part74",
			"Name": "眼睛耳朵"
		},
		{
			"Id": "Part72",
			"Name": "荧光色毛光"
		},
		{
			"Id": "Part68",
			"Name": "荧光色毛"
		},
		{
			"Id": "Part69",
			"Name": "荧光色耳朵光"
		},
		{
			"Id": "Part70",
			"Name": "荧光色耳朵"
		},
		{
			"Id": "Part75",
			"Name": "无聊右"
		},
		{
			"Id": "Part100",
			"Name": "无聊左"
		},
		{
			"Id": "Part44",
			"Name": "僵尸身上蟲子"
		},
		{
			"Id": "Part51",
			"Name": "僵尸右耳朵"
		},
		{
			"Id": "Part52",
			"Name": "僵尸左耳朵"
		},
		{
			"Id": "Part99",
			"Name": "眼23"
		},
		{
			"Id": "Part98",
			"Name": "眼22"
		},
		{
			"Id": "Part97",
			"Name": "眼21"
		},
		{
			"Id": "Part95",
			"Name": "眼20"
		},
		{
			"Id": "Part94",
			"Name": "眼19"
		},
		{
			"Id": "Part93",
			"Name": "眼18"
		},
		{
			"Id": "Part92",
			"Name": "眼17"
		},
		{
			"Id": "Part91",
			"Name": "眼16"
		},
		{
			"Id": "Part90",
			"Name": "眼15"
		},
		{
			"Id": "Part89",
			"Name": "眼14"
		},
		{
			"Id": "Part88",
			"Name": "眼13"
		},
		{
			"Id": "Part87",
			"Name": "眼12"
		},
		{
			"Id": "Part86",
			"Name": "眼11"
		},
		{
			"Id": "Part85",
			"Name": "眼10"
		},
		{
			"Id": "Part84",
			"Name": "眼9"
		},
		{
			"Id": "Part83",
			"Name": "眼8"
		},
		{
			"Id": "Part82",
			"Name": "眼7"
		},
		{
			"Id": "Part81",
			"Name": "眼6"
		},
		{
			"Id": "Part80",
			"Name": "眼5"
		},
		{
			"Id": "Part79",
			"Name": "眼4"
		},
		{
			"Id": "Part78",
			"Name": "眼3"
		},
		{
			"Id": "Part77",
			"Name": "眼2"
		},
		{
			"Id": "Part76",
			"Name": "眼1"
		},
		{
			"Id": "Part96",
			"Name": "血丝右"
		},
		{
			"Id": "Part101",
			"Name": "血丝左"
		},
		{
			"Id": "Part45",
			"Name": "僵尸頭上蟲子"
		},
		{
			"Id": "Part48",
			"Name": "僵尸脖子蟲"
		},
		{
			"Id": "Part49",
			"Name": "僵尸右肩蟲"
		},
		{
			"Id": "Part46",
			"Name": "僵尸頭上右蟲子"
		},
		{
			"Id": "Part47",
			"Name": "僵尸頭上左蟲子"
		}
	],
	"CombinedParameters": [
		[
			"ParamEyeBallX",
			"ParamEyeBallY"
		]
	]
}