{
	"Version": 3,
	"FileReferences": {
		"Moc": "ape_small.moc3",
		"Textures": [
			"ape_small.4096/texture_00.png",
			"ape_small.4096/texture_01.png"
		],
		"Physics": "ape_small.physics3.json",
		"DisplayInfo": "ape_small.cdi3.json",
		"Expressions": [
			{
				"Name": "expression",
				"File": "expression.exp3.json"
			}
		]
	},
	"Groups": [
		{
			"Target": "Parameter",
			"Name": "LipSync",
			"Ids": [
				"ParamMouthOpenY"
			]
		},
		{
			"Target": "Parameter",
			"Name": "EyeBlink",
			"Ids": [
				"ParamEyeLOpen",
				"ParamEyeROpen"
			]
		}
	],
	"HitAreas": []
}