{
	"Version": 3,
	"Parameters": [
		{
			"Id": "Param",
			"GroupId": "ParamGroup",
			"Name": "水印"
		},
		{
			"Id": "Param2",
			"GroupId": "ParamGroup2",
			"Name": "衣服"
		},
		{
			"Id": "Param3",
			"GroupId": "ParamGroup2",
			"Name": "兽耳"
		},
		{
			"Id": "Param4",
			"GroupId": "ParamGroup2",
			"Name": "毛发"
		},
		{
			"Id": "ParamAngleX",
			"GroupId": "",
			"Name": "角度 X"
		},
		{
			"Id": "ParamAngleY",
			"GroupId": "",
			"Name": "角度 Y"
		},
		{
			"Id": "ParamAngleZ",
			"GroupId": "",
			"Name": "角度 Z"
		},
		{
			"Id": "ParamMouthForm",
			"GroupId": "",
			"Name": "嘴　变形"
		},
		{
			"Id": "ParamMouthOpenY",
			"GroupId": "",
			"Name": "嘴　张开和闭合"
		},
		{
			"Id": "ParamBodyAngleZ",
			"GroupId": "",
			"Name": "身体旋转　Z"
		},
		{
			"Id": "ParamBreath",
			"GroupId": "",
			"Name": "呼吸"
		},
		{
			"Id": "ParamEyeLOpen",
			"GroupId": "",
			"Name": "左眼　开闭"
		},
		{
			"Id": "ParamEyeROpen",
			"GroupId": "",
			"Name": "右眼"
		},
		{
			"Id": "ParamEyeLSmile",
			"GroupId": "",
			"Name": "左眼　微笑"
		},
		{
			"Id": "ParamEyeRSmile",
			"GroupId": "",
			"Name": "右眼　微笑"
		},
		{
			"Id": "ParamEyeBallX",
			"GroupId": "",
			"Name": "眼珠 X"
		},
		{
			"Id": "ParamEyeBallY",
			"GroupId": "",
			"Name": "眼珠 Y"
		},
		{
			"Id": "ParamBrowLForm",
			"GroupId": "",
			"Name": "左眉　変形"
		},
		{
			"Id": "ParamBrowLY",
			"GroupId": "",
			"Name": "左眉上下"
		},
		{
			"Id": "ParamBrowRY",
			"GroupId": "",
			"Name": "右眉　上下"
		},
		{
			"Id": "ParamBrowLX",
			"GroupId": "",
			"Name": "左眉　左右"
		},
		{
			"Id": "ParamBrowRX",
			"GroupId": "",
			"Name": "右眉　左右"
		},
		{
			"Id": "ParamBrowLAngle",
			"GroupId": "",
			"Name": "左眉　角度"
		},
		{
			"Id": "ParamBrowRAngle",
			"GroupId": "",
			"Name": "右眉　角度"
		},
		{
			"Id": "ParamBrowRForm",
			"GroupId": "",
			"Name": "右眉　変形"
		},
		{
			"Id": "ParamCheek",
			"GroupId": "",
			"Name": "脸颊泛红"
		},
		{
			"Id": "ParamBodyAngleX",
			"GroupId": "",
			"Name": "身体旋转　X"
		},
		{
			"Id": "ParamBodyAngleY",
			"GroupId": "",
			"Name": "身体旋转　Y"
		},
		{
			"Id": "ParamHairFront",
			"GroupId": "",
			"Name": "摇动 前发"
		},
		{
			"Id": "ParamHairSide",
			"GroupId": "",
			"Name": "摇动 侧发"
		},
		{
			"Id": "ParamHairBack",
			"GroupId": "",
			"Name": "摇动 后发"
		}
	],
	"ParameterGroups": [
		{
			"Id": "ParamGroup",
			"GroupId": "",
			"Name": "Folder 1"
		},
		{
			"Id": "ParamGroup2",
			"GroupId": "",
			"Name": "Folder 2"
		}
	],
	"Parts": [
		{
			"Id": "Part17",
			"Name": "可乐拆.psd(未找到对应图层)"
		},
		{
			"Id": "Part10",
			"Name": "烟"
		},
		{
			"Id": "Part11",
			"Name": "嘴"
		},
		{
			"Id": "Part",
			"Name": "右眼"
		},
		{
			"Id": "Part2",
			"Name": "右眼"
		},
		{
			"Id": "Part7",
			"Name": "眼底"
		},
		{
			"Id": "Part3",
			"Name": "嘴"
		},
		{
			"Id": "Part6",
			"Name": "鼻子"
		},
		{
			"Id": "Part4",
			"Name": "口腔"
		}
	],
	"CombinedParameters": [
		[
			"ParamAngleX",
			"ParamAngleY"
		],
		[
			"ParamMouthForm",
			"ParamMouthOpenY"
		],
		[
			"ParamEyeBallX",
			"ParamEyeBallY"
		]
	]
}